{"cameraMode":{"drawMode":0,"name":"Shaded","section":"Shading Mode"},"sceneLighting":false,"audioPlay":false,"sceneViewState":{"m_AlwaysRefresh":false,"showFog":true,"showSkybox":false,"showFlares":true,"showImageEffects":true,"showParticleSystems":true,"showVisualEffectGraphs":true,"m_FxEnabled":true},"in2DMode":false,"pivot":{"x":1.1202031373977662,"y":-7.131675720214844,"z":-3.283529281616211},"rotation":{"x":-0.5449375510215759,"y":0.0017578302649781108,"z":-0.0011436654021963478,"w":-0.8384825587272644},"size":37.075496673583987,"orthographic":false}