{"cameraMode":{"drawMode":0,"name":"Shaded","section":"Shading Mode"},"sceneLighting":false,"audioPlay":false,"sceneViewState":{"m_AlwaysRefresh":false,"showFog":true,"showSkybox":false,"showFlares":true,"showImageEffects":true,"showParticleSystems":true,"showVisualEffectGraphs":true,"m_FxEnabled":true},"in2DMode":false,"pivot":{"x":-4.570235729217529,"y":8.829507827758789,"z":-6.39349365234375},"rotation":{"x":-0.5411589741706848,"y":0.0017660590820014477,"z":-0.0011321540223434568,"w":-0.8409286141395569},"size":28.313737869262697,"orthographic":false}