{"cameraMode":{"drawMode":0,"name":"Shaded","section":"Shading Mode"},"sceneLighting":false,"audioPlay":false,"sceneViewState":{"m_AlwaysRefresh":false,"showFog":true,"showSkybox":false,"showFlares":true,"showImageEffects":true,"showParticleSystems":true,"showVisualEffectGraphs":true,"m_FxEnabled":true},"in2DMode":false,"pivot":{"x":-21.318540573120118,"y":-20.706628799438478,"z":66.29983520507813},"rotation":{"x":-0.20581543445587159,"y":0.010859291069209576,"z":-0.002284446731209755,"w":-0.978530764579773},"size":98.49995422363281,"orthographic":false}