{"cameraMode":{"drawMode":0,"name":"Shaded","section":"Shading Mode"},"sceneLighting":false,"audioPlay":false,"sceneViewState":{"m_AlwaysRefresh":false,"showFog":true,"showSkybox":false,"showFlares":true,"showImageEffects":true,"showParticleSystems":true,"showVisualEffectGraphs":true,"m_FxEnabled":true},"in2DMode":false,"pivot":{"x":0.0721830502152443,"y":1.3275784254074097,"z":-19.09911346435547},"rotation":{"x":-0.15271055698394776,"y":0.005036917980760336,"z":-0.0007800349267199636,"w":-0.9882654547691345},"size":7.9305243492126469,"orthographic":false}