{"cameraMode":{"drawMode":0,"name":"Shaded","section":"Shading Mode"},"sceneLighting":false,"audioPlay":false,"sceneViewState":{"m_AlwaysRefresh":false,"showFog":true,"showSkybox":false,"showFlares":true,"showImageEffects":true,"showParticleSystems":true,"showVisualEffectGraphs":true,"m_FxEnabled":true},"in2DMode":false,"pivot":{"x":-19.05060386657715,"y":-15.246570587158204,"z":15.149177551269532},"rotation":{"x":-0.3296826481819153,"y":0.15536142885684968,"z":-0.055100396275520328,"w":-0.9296002984046936},"size":63.473854064941409,"orthographic":false}