{"cameraMode":{"drawMode":0,"name":"Shaded","section":"Shading Mode"},"sceneLighting":false,"audioPlay":false,"sceneViewState":{"m_AlwaysRefresh":false,"showFog":true,"showSkybox":false,"showFlares":true,"showImageEffects":true,"showParticleSystems":true,"showVisualEffectGraphs":true,"m_FxEnabled":true},"in2DMode":false,"pivot":{"x":4.142544746398926,"y":-12.459321975708008,"z":15.590356826782227},"rotation":{"x":-0.5335533022880554,"y":0.006847867742180824,"z":-0.004320826381444931,"w":-0.8457387089729309},"size":48.854488372802737,"orthographic":true}